"Folder","File","RelativePath","SizeKB","Width","Height","MegaPixels","Ratio","Orientation","Hash","LastWrite"
"Actividades","WhatsApp Image 2026-03-21 at 2.35.13 PM.jpeg","public\images\Actividades\WhatsApp Image 2026-03-21 at 2.35.13 PM.jpeg","1556.2","4032","3024","12.19","1.333","landscape","E76173503CDD8A4575B3B55476B66A7E18B19A5AF6385DBF96B86A9BAFA1E2FF","21/3/2026 14:37:20"
"Actividades","WhatsApp Image 2026-03-21 at 2.35.14 PM (1).jpeg","public\images\Actividades\WhatsApp Image 2026-03-21 at 2.35.14 PM (1).jpeg","1912.7","4032","3024","12.19","1.333","landscape","22D1661A82CC579F6198B6A097858E45495ED18BE7ED253054F0714B3013E090","21/3/2026 14:37:20"
"Actividades","WhatsApp Image 2026-03-21 at 2.35.14 PM (2).jpeg","public\images\Actividades\WhatsApp Image 2026-03-21 at 2.35.14 PM (2).jpeg","1487.5","4032","3024","12.19","1.333","landscape","2E494D4AF92C6C62EDB0E9099306297D0407EAC09ACAC38D194CC800D645AC51","21/3/2026 14:37:20"
"Actividades","WhatsApp Image 2026-03-21 at 2.35.14 PM (3).jpeg","public\images\Actividades\WhatsApp Image 2026-03-21 at 2.35.14 PM (3).jpeg","786.6","3024","4032","12.19","0.75","portrait","A22A8FA775D7F7C5F3CB47A1ECC0D365482C4F76E245D586936171FD365757D8","21/3/2026 14:37:20"
"Actividades","WhatsApp Image 2026-03-21 at 2.35.14 PM (4).jpeg","public\images\Actividades\WhatsApp Image 2026-03-21 at 2.35.14 PM (4).jpeg","731.8","3024","4032","12.19","0.75","portrait","E102A012707E9589E5AC98D13E03DC6ACECD9A1D2B9DEE0C1952CAAFB37B8AD6","21/3/2026 14:37:20"
"Actividades","WhatsApp Image 2026-03-21 at 2.35.14 PM (5).jpeg","public\images\Actividades\WhatsApp Image 2026-03-21 at 2.35.14 PM (5).jpeg","867.1","3024","4032","12.19","0.75","portrait","0414AE55DCF9EAA4A134FF192958BEAFBE3BD4AF9A6ED608DB488E6A2CC96FC3","21/3/2026 14:37:20"
"Actividades","WhatsApp Image 2026-03-21 at 2.35.14 PM (6).jpeg","public\images\Actividades\WhatsApp Image 2026-03-21 at 2.35.14 PM (6).jpeg","727.6","3024","4032","12.19","0.75","portrait","3CDF667DC94A170CC349987DF465428B033A8685FA6379B830843CCBDC934177","21/3/2026 14:37:20"
"Actividades","WhatsApp Image 2026-03-21 at 2.35.14 PM (7).jpeg","public\images\Actividades\WhatsApp Image 2026-03-21 at 2.35.14 PM (7).jpeg","746.4","3024","4032","12.19","0.75","portrait","76482150154AE778238A87D2D54D92991D1872A63CBCDE18460572C3611E106A","21/3/2026 14:37:20"
"Actividades","WhatsApp Image 2026-03-21 at 2.35.14 PM.jpeg","public\images\Actividades\WhatsApp Image 2026-03-21 at 2.35.14 PM.jpeg","822.2","3024","4032","12.19","0.75","portrait","0DF6CDA2CFD0D9A0BB33FAFC127F9D554D639BB8FE8153E3454967A23C94165A","21/3/2026 14:37:20"
"Actividades","WhatsApp Image 2026-03-21 at 2.35.15 PM (1).jpeg","public\images\Actividades\WhatsApp Image 2026-03-21 at 2.35.15 PM (1).jpeg","922.1","3024","4032","12.19","0.75","portrait","2E97C305C9E5E55406C47A2295015EFF304AC9D4FAEA29E9CBEEA269C3C56F8E","21/3/2026 14:37:20"
"Actividades","WhatsApp Image 2026-03-21 at 2.35.15 PM.jpeg","public\images\Actividades\WhatsApp Image 2026-03-21 at 2.35.15 PM.jpeg","1014.2","2160","3840","8.29","0.562","portrait","B05D98AAB3E1AF156862423A1653D3A87C1A331BF83248A908999CD5347A8E4F","21/3/2026 14:37:20"
"Actividades","WhatsApp Image 2026-03-21 at 2.35.19 PM.jpeg","public\images\Actividades\WhatsApp Image 2026-03-21 at 2.35.19 PM.jpeg","604.8","1980","3520","6.97","0.562","portrait","0575A67F9E2077F5B72C9C8EA998CB8EB2BF16810D7A7EEDEA4578D739CAC01E","21/3/2026 14:37:20"
"Actividades","WhatsApp Image 2026-03-21 at 2.35.22 PM.jpeg","public\images\Actividades\WhatsApp Image 2026-03-21 at 2.35.22 PM.jpeg","1639.3","4032","3024","12.19","1.333","landscape","4909F70485DBA210029EEBF0D6619F2DEA1114F8D53190F18FB5EE2DFE17142D","21/3/2026 14:37:20"
"Actividades","WhatsApp Image 2026-03-21 at 2.35.24 PM (1).jpeg","public\images\Actividades\WhatsApp Image 2026-03-21 at 2.35.24 PM (1).jpeg","1203","3024","4032","12.19","0.75","portrait","058CED8EEC05C1A07112055D9F390036B82454DCA5EBCA8944A96A2251CBB826","21/3/2026 14:37:20"
"Actividades","WhatsApp Image 2026-03-21 at 2.35.24 PM (2).jpeg","public\images\Actividades\WhatsApp Image 2026-03-21 at 2.35.24 PM (2).jpeg","1156.1","3520","1980","6.97","1.778","landscape","E34632D5EDA6BFCD47FAB559E5F5FA13E9A19026ED3CDA56D2E6C82E5A11EA27","21/3/2026 14:37:20"
"Actividades","WhatsApp Image 2026-03-21 at 2.35.24 PM (3).jpeg","public\images\Actividades\WhatsApp Image 2026-03-21 at 2.35.24 PM (3).jpeg","1307.3","3024","4032","12.19","0.75","portrait","9482C59A05C78F575BFE3F064235287B570CD30BA0A0ADC8BD8842C830932A4D","21/3/2026 14:37:20"
"Actividades","WhatsApp Image 2026-03-21 at 2.35.24 PM (4).jpeg","public\images\Actividades\WhatsApp Image 2026-03-21 at 2.35.24 PM (4).jpeg","1171","4032","3024","12.19","1.333","landscape","F51C9B0AF28A44A4E4007836F03D226EC923922CAF5537D8E339DBE238C4AE8C","21/3/2026 14:37:20"
"Actividades","WhatsApp Image 2026-03-21 at 2.35.24 PM (5).jpeg","public\images\Actividades\WhatsApp Image 2026-03-21 at 2.35.24 PM (5).jpeg","1135.6","3024","4032","12.19","0.75","portrait","B6CB9041E3668BF2E71A260629388922586CFE2F47D2C0753A6E5D259C3C7549","21/3/2026 14:37:20"
"Actividades","WhatsApp Image 2026-03-21 at 2.35.24 PM.jpeg","public\images\Actividades\WhatsApp Image 2026-03-21 at 2.35.24 PM.jpeg","1399.7","3024","4032","12.19","0.75","portrait","543A91E1BB23C0DBA734E04128CB76FF59D3751780E325E23D80975A5AE79E77","21/3/2026 14:37:20"
"Actividades","WhatsApp Image 2026-03-21 at 2.35.25 PM (1).jpeg","public\images\Actividades\WhatsApp Image 2026-03-21 at 2.35.25 PM (1).jpeg","1356.5","3024","4032","12.19","0.75","portrait","9E05FA80BEE8DF727B975F645C97033E4D7E5481F4AECC9F4FFE30499A2D1358","21/3/2026 14:37:20"
"Actividades","WhatsApp Image 2026-03-21 at 2.35.25 PM (2).jpeg","public\images\Actividades\WhatsApp Image 2026-03-21 at 2.35.25 PM (2).jpeg","1375","3024","4032","12.19","0.75","portrait","27854BA2C6127EF49A0044EB0787B4D6C1DA2E9D15F01BC02CA87A0CD83386C4","21/3/2026 14:37:20"
"Actividades","WhatsApp Image 2026-03-21 at 2.35.25 PM.jpeg","public\images\Actividades\WhatsApp Image 2026-03-21 at 2.35.25 PM.jpeg","1356.2","4032","3024","12.19","1.333","landscape","BF52F26D42D5EFDAB78F02FE36F862594CBFE769E6B9CE5B6A5AF1A477E43B96","21/3/2026 14:37:20"
"Actividades","WhatsApp Image 2026-03-21 at 2.37.00 PM (1).jpeg","public\images\Actividades\WhatsApp Image 2026-03-21 at 2.37.00 PM (1).jpeg","1579","4032","3024","12.19","1.333","landscape","36D6D9EAC63801A90EF651C004C52A371F79E49E915CD7F65FF0FBCE6D5B3C6F","21/3/2026 14:37:20"
"Actividades","WhatsApp Image 2026-03-21 at 2.37.00 PM (2).jpeg","public\images\Actividades\WhatsApp Image 2026-03-21 at 2.37.00 PM (2).jpeg","1550.6","4032","3024","12.19","1.333","landscape","9BE047A5640185683ABAAE326D83A1B4371286258BACE483495A23F13D6DE50D","21/3/2026 14:37:20"
"Actividades","WhatsApp Image 2026-03-21 at 2.37.00 PM (3).jpeg","public\images\Actividades\WhatsApp Image 2026-03-21 at 2.37.00 PM (3).jpeg","751.6","4032","3024","12.19","1.333","landscape","3945600040F6065F348CDD360C2784A7EFCEFAB803FA7B148952FD6A5C61C124","21/3/2026 14:37:20"
"Actividades","WhatsApp Image 2026-03-21 at 2.37.00 PM (4).jpeg","public\images\Actividades\WhatsApp Image 2026-03-21 at 2.37.00 PM (4).jpeg","1392.8","4032","3024","12.19","1.333","landscape","083737498D2BC9053DAF90C8D904E064966F6D489C62AB12A0E022ADA11929D4","21/3/2026 14:37:20"
"Actividades","WhatsApp Image 2026-03-21 at 2.37.00 PM (5).jpeg","public\images\Actividades\WhatsApp Image 2026-03-21 at 2.37.00 PM (5).jpeg","1193.5","3024","4032","12.19","0.75","portrait","5ED9EA57FE2D8806587770024C40CCF4753550E2F36B98703663CE956EA74FD3","21/3/2026 14:37:20"
"Actividades","WhatsApp Image 2026-03-21 at 2.37.00 PM (6).jpeg","public\images\Actividades\WhatsApp Image 2026-03-21 at 2.37.00 PM (6).jpeg","1114.3","4032","3024","12.19","1.333","landscape","CDDA434A6108C59600EE94260B567091F17C3FCA0D73E38CEE8647BA2EE89EF9","21/3/2026 14:37:20"
"Actividades","WhatsApp Image 2026-03-21 at 2.37.00 PM.jpeg","public\images\Actividades\WhatsApp Image 2026-03-21 at 2.37.00 PM.jpeg","1344.6","4032","3024","12.19","1.333","landscape","74BBD035BA5504236D4F9D13AB2D726A29D1862387CCA9EF4D306C37FAADAE69","21/3/2026 14:37:20"
"Actividades","WhatsApp Image 2026-03-21 at 2.37.01 PM (1).jpeg","public\images\Actividades\WhatsApp Image 2026-03-21 at 2.37.01 PM (1).jpeg","863","3520","1980","6.97","1.778","landscape","EBFFF14E6CAD2D03FDBEB6F017702D8A25AB9453FB2DF4B27575BB00B384C98D","21/3/2026 14:37:20"
"Actividades","WhatsApp Image 2026-03-21 at 2.37.01 PM (2).jpeg","public\images\Actividades\WhatsApp Image 2026-03-21 at 2.37.01 PM (2).jpeg","807.9","3520","1980","6.97","1.778","landscape","9F88B68020FD7B282EC97CF6B453B053F1174B5E0241F8E1CA3B7E0A8B229AD4","21/3/2026 14:37:20"
"Actividades","WhatsApp Image 2026-03-21 at 2.37.01 PM (3).jpeg","public\images\Actividades\WhatsApp Image 2026-03-21 at 2.37.01 PM (3).jpeg","1274.7","2160","3840","8.29","0.562","portrait","170433FF702FBAC1B7EBE8F953A803C6429A02DFAF675A1D823C02D1FCC21549","21/3/2026 14:37:20"
"Actividades","WhatsApp Image 2026-03-21 at 2.37.01 PM (4).jpeg","public\images\Actividades\WhatsApp Image 2026-03-21 at 2.37.01 PM (4).jpeg","672.7","4032","3024","12.19","1.333","landscape","237C750B3781DB8CAAA16545B54552BD509D49033FDB0E0C65B70203ABF54547","21/3/2026 14:37:20"
"Actividades","WhatsApp Image 2026-03-21 at 2.37.01 PM.jpeg","public\images\Actividades\WhatsApp Image 2026-03-21 at 2.37.01 PM.jpeg","882.5","3520","1980","6.97","1.778","landscape","3530AFCCD63F2B2117B00330A904B0573CB1211E987A3D2DCD3A52E92661DCCB","21/3/2026 14:37:20"
"Actividades","WhatsApp Image 2026-03-21 at 2.37.02 PM (1).jpeg","public\images\Actividades\WhatsApp Image 2026-03-21 at 2.37.02 PM (1).jpeg","1061.9","3840","2160","8.29","1.778","landscape","C1281944C3E4037266B6E55BFCBC4FD0F4DFD438D520F7BD4020DDEC4143D9F4","21/3/2026 14:37:20"
"Actividades","WhatsApp Image 2026-03-21 at 2.37.02 PM (2).jpeg","public\images\Actividades\WhatsApp Image 2026-03-21 at 2.37.02 PM (2).jpeg","1249.4","4032","3024","12.19","1.333","landscape","48179A8F9588A97650DB45F64FF47ACDDFB2028671DFF9DD5D9508B81BC0B249","21/3/2026 14:37:20"
"Actividades","WhatsApp Image 2026-03-21 at 2.37.02 PM.jpeg","public\images\Actividades\WhatsApp Image 2026-03-21 at 2.37.02 PM.jpeg","2198.5","4032","3024","12.19","1.333","landscape","59D23CB4A246CA0756D79E4A3A8EDA0AA048156ECE880783706EB28E974FC443","21/3/2026 14:37:20"
"Actividades","WhatsApp Image 2026-03-21 at 2.37.04 PM (1).jpeg","public\images\Actividades\WhatsApp Image 2026-03-21 at 2.37.04 PM (1).jpeg","123.9","1280","960","1.23","1.333","landscape","6022B12CEFECEC450312E397357FBD7FAD96E73F94F9E6A062D4FFD7A306CC8D","21/3/2026 14:37:20"
"Actividades","WhatsApp Image 2026-03-21 at 2.37.04 PM (2).jpeg","public\images\Actividades\WhatsApp Image 2026-03-21 at 2.37.04 PM (2).jpeg","128","1280","960","1.23","1.333","landscape","C91F7486B0D1911749483ECF646FAA1D96F9A137C5041AF1071F947660D80F07","21/3/2026 14:37:20"
"Actividades","WhatsApp Image 2026-03-21 at 2.37.04 PM (3).jpeg","public\images\Actividades\WhatsApp Image 2026-03-21 at 2.37.04 PM (3).jpeg","175.8","1280","960","1.23","1.333","landscape","775135978323309D31E82DA5C835B2453E93CC79F9BC247E03267A3C7D1E1D2C","21/3/2026 14:37:20"
"Actividades","WhatsApp Image 2026-03-21 at 2.37.04 PM.jpeg","public\images\Actividades\WhatsApp Image 2026-03-21 at 2.37.04 PM.jpeg","128.6","1280","960","1.23","1.333","landscape","71135377ECF1FA49964D4786EECC4DBC185F721A638082F808431925C0A5B784","21/3/2026 14:37:20"
"Actividades","WhatsApp Image 2026-03-21 at 2.37.05 PM (1).jpeg","public\images\Actividades\WhatsApp Image 2026-03-21 at 2.37.05 PM (1).jpeg","131.2","1280","720","0.92","1.778","landscape","839BF8F6FC35E0D70EC0A20AA2A9373FDE84E592C579CCE77824F4957D7F4551","21/3/2026 14:37:20"
"Actividades","WhatsApp Image 2026-03-21 at 2.37.05 PM (2).jpeg","public\images\Actividades\WhatsApp Image 2026-03-21 at 2.37.05 PM (2).jpeg","149.5","960","1280","1.23","0.75","portrait","360CC5C01886C89095E1689860F68F4464FD884F3D6D9C18CDDB541D4133299B","21/3/2026 14:37:20"
"Actividades","WhatsApp Image 2026-03-21 at 2.37.05 PM (3).jpeg","public\images\Actividades\WhatsApp Image 2026-03-21 at 2.37.05 PM (3).jpeg","135.2","1280","960","1.23","1.333","landscape","DA2B3A116B416BDCF379BC1FE4883EA24F33EDCC818CCC6794E45CCA900E4A8C","21/3/2026 14:37:20"
"Actividades","WhatsApp Image 2026-03-21 at 2.37.05 PM (4).jpeg","public\images\Actividades\WhatsApp Image 2026-03-21 at 2.37.05 PM (4).jpeg","142.5","1280","960","1.23","1.333","landscape","10E2368915A62EF3F68EE73A3E3708F633FEB80F0AB95EE587E1DE78158B198D","21/3/2026 14:37:20"
"Actividades","WhatsApp Image 2026-03-21 at 2.37.05 PM (5).jpeg","public\images\Actividades\WhatsApp Image 2026-03-21 at 2.37.05 PM (5).jpeg","192.6","1280","960","1.23","1.333","landscape","BCE963384851B110DA8771CDBD41E4F4791025E11359D7142FB640568B2E7DC6","21/3/2026 14:37:20"
"Actividades","WhatsApp Image 2026-03-21 at 2.37.05 PM (6).jpeg","public\images\Actividades\WhatsApp Image 2026-03-21 at 2.37.05 PM (6).jpeg","190.6","1280","960","1.23","1.333","landscape","A6C799B98DE4FA12ED8A6363122C35A44779A2210A6C0B8ABEE9B0448811A046","21/3/2026 14:37:20"
"Actividades","WhatsApp Image 2026-03-21 at 2.37.05 PM.jpeg","public\images\Actividades\WhatsApp Image 2026-03-21 at 2.37.05 PM.jpeg","195.8","960","1280","1.23","0.75","portrait","7181689E39BCB0A61D6DFD879F6CF68ACE51D41D6A91835F5FA0D3B55DBAFF25","21/3/2026 14:37:20"
"Casas de vida","WhatsApp Image 2026-03-21 at 2.37.58 PM (1).jpeg","public\images\Casas de vida\WhatsApp Image 2026-03-21 at 2.37.58 PM (1).jpeg","226.2","960","1280","1.23","0.75","portrait","4A477B39B54C159F938DD70B34858BDB2D49138BA6F1BBC73A70A466258F82DA","21/3/2026 14:38:28"
"Casas de vida","WhatsApp Image 2026-03-21 at 2.37.58 PM (2).jpeg","public\images\Casas de vida\WhatsApp Image 2026-03-21 at 2.37.58 PM (2).jpeg","308.1","1280","960","1.23","1.333","landscape","336291CDA781E94647EF5E8BB54DD3329FC19018DDF4399F7C07DB6B21E6D24C","21/3/2026 14:38:28"
"Casas de vida","WhatsApp Image 2026-03-21 at 2.37.58 PM (3).jpeg","public\images\Casas de vida\WhatsApp Image 2026-03-21 at 2.37.58 PM (3).jpeg","248","1280","960","1.23","1.333","landscape","B571C0BD95A4CA9F6D2EA31BE662BC7D3856B949EC36FE7D45AB3CA6195DD801","21/3/2026 14:38:28"
"Casas de vida","WhatsApp Image 2026-03-21 at 2.37.58 PM.jpeg","public\images\Casas de vida\WhatsApp Image 2026-03-21 at 2.37.58 PM.jpeg","32","591","1280","0.76","0.462","portrait","4C3BDD94E76343ED83BE94EDDE5DFE677DFAE10EE003AAB28D4FEBA38E812D2D","21/3/2026 14:38:28"
"Casas de vida","WhatsApp Image 2026-03-21 at 2.37.59 PM (1).jpeg","public\images\Casas de vida\WhatsApp Image 2026-03-21 at 2.37.59 PM (1).jpeg","198.3","1280","960","1.23","1.333","landscape","D8416C470E0E6087704ED0670A57C0008667FFB4E7114D9FD99C15F5FEF37224","21/3/2026 14:38:28"
"Casas de vida","WhatsApp Image 2026-03-21 at 2.37.59 PM (2).jpeg","public\images\Casas de vida\WhatsApp Image 2026-03-21 at 2.37.59 PM (2).jpeg","229.3","1280","960","1.23","1.333","landscape","357EBDC4B62E2241D6CB23F709A414CE7B3F2F5F94DF8EF11C9260B1649D5C05","21/3/2026 14:38:28"
"Casas de vida","WhatsApp Image 2026-03-21 at 2.37.59 PM (3).jpeg","public\images\Casas de vida\WhatsApp Image 2026-03-21 at 2.37.59 PM (3).jpeg","227.7","1280","960","1.23","1.333","landscape","DEC7144292701AFC4A760E6415D1C8883906800D0101FE44F8EDD8BF5883F4C2","21/3/2026 14:38:28"
"Casas de vida","WhatsApp Image 2026-03-21 at 2.37.59 PM (4).jpeg","public\images\Casas de vida\WhatsApp Image 2026-03-21 at 2.37.59 PM (4).jpeg","157.6","1280","960","1.23","1.333","landscape","9808044B65F1FEC36BCF029102DD22082F78115C071E4CD6B65E952430664890","21/3/2026 14:38:28"
"Casas de vida","WhatsApp Image 2026-03-21 at 2.37.59 PM (5).jpeg","public\images\Casas de vida\WhatsApp Image 2026-03-21 at 2.37.59 PM (5).jpeg","231.7","1280","960","1.23","1.333","landscape","17B82ECB16EC06C12F65CF5A88CB492E8DC73BF4E2154EF53A3304F8A314D099","21/3/2026 14:38:28"
"Casas de vida","WhatsApp Image 2026-03-21 at 2.37.59 PM (6).jpeg","public\images\Casas de vida\WhatsApp Image 2026-03-21 at 2.37.59 PM (6).jpeg","135","960","1280","1.23","0.75","portrait","F62F3462EE0D3D26818D72D1929774C7AFE1E6D30D2EEE799F34AFC5239B8FD4","21/3/2026 14:38:28"
"Casas de vida","WhatsApp Image 2026-03-21 at 2.37.59 PM.jpeg","public\images\Casas de vida\WhatsApp Image 2026-03-21 at 2.37.59 PM.jpeg","202.5","1280","960","1.23","1.333","landscape","697544BBE72A4F4CA8FF817E3D289CB3E038567E4953434D35696C124D87C00A","21/3/2026 14:38:28"
"Casas de vida","WhatsApp Image 2026-03-21 at 2.38.00 PM (1).jpeg","public\images\Casas de vida\WhatsApp Image 2026-03-21 at 2.38.00 PM (1).jpeg","254","1280","960","1.23","1.333","landscape","783B5F5FE89C6E33538B6A8E5BD7740119C4C9C3F1D402530247B4EF3B863507","21/3/2026 14:38:28"
"Casas de vida","WhatsApp Image 2026-03-21 at 2.38.00 PM (2).jpeg","public\images\Casas de vida\WhatsApp Image 2026-03-21 at 2.38.00 PM (2).jpeg","187.4","1280","960","1.23","1.333","landscape","0ACECD2B98C6A6D2A575B8DAA37A393F9A2B06A02818BDB097AEA4D80E602837","21/3/2026 14:38:28"
"Casas de vida","WhatsApp Image 2026-03-21 at 2.38.00 PM (3).jpeg","public\images\Casas de vida\WhatsApp Image 2026-03-21 at 2.38.00 PM (3).jpeg","204.8","1280","960","1.23","1.333","landscape","308DB845DFDCD8521D1044710E693200BD27BB643FE751BA28A73F44E9D6883F","21/3/2026 14:38:28"
"Casas de vida","WhatsApp Image 2026-03-21 at 2.38.00 PM (4).jpeg","public\images\Casas de vida\WhatsApp Image 2026-03-21 at 2.38.00 PM (4).jpeg","169.7","1280","960","1.23","1.333","landscape","AE8A3249B4681F9C71474645D67C0942D001A962D20072950B5DA0D82E656BEA","21/3/2026 14:38:28"
"Casas de vida","WhatsApp Image 2026-03-21 at 2.38.00 PM (5).jpeg","public\images\Casas de vida\WhatsApp Image 2026-03-21 at 2.38.00 PM (5).jpeg","206.4","1280","960","1.23","1.333","landscape","8BA130627FE5BD3B193066CE71A813A3F216E9082F87D96D0391D17C8A05ED19","21/3/2026 14:38:28"
"Casas de vida","WhatsApp Image 2026-03-21 at 2.38.00 PM (6).jpeg","public\images\Casas de vida\WhatsApp Image 2026-03-21 at 2.38.00 PM (6).jpeg","203","960","1280","1.23","0.75","portrait","B674A3198D6B07D7A6ACEA8EFB88414E40CEC0415C50A949CA1F39F80591951F","21/3/2026 14:38:28"
"Casas de vida","WhatsApp Image 2026-03-21 at 2.38.00 PM (7).jpeg","public\images\Casas de vida\WhatsApp Image 2026-03-21 at 2.38.00 PM (7).jpeg","289.1","960","1280","1.23","0.75","portrait","EE0552EA99D73E827C7D0949E9E380150C8A6375B94DCC89592BCB916402350D","21/3/2026 14:38:28"
"Casas de vida","WhatsApp Image 2026-03-21 at 2.38.00 PM.jpeg","public\images\Casas de vida\WhatsApp Image 2026-03-21 at 2.38.00 PM.jpeg","221","960","1280","1.23","0.75","portrait","3CF524E7992ED0067CE9C6E646F0AD711A256B894227AB69D85A98D29A7CDB89","21/3/2026 14:38:28"
"Casas de vida","WhatsApp Image 2026-03-21 at 2.38.01 PM (1).jpeg","public\images\Casas de vida\WhatsApp Image 2026-03-21 at 2.38.01 PM (1).jpeg","218.7","1280","960","1.23","1.333","landscape","259908FB9FDB3A606B809E1CE33A37A5551F011767B6E8C32E4939DB84DFBD21","21/3/2026 14:38:28"
"Casas de vida","WhatsApp Image 2026-03-21 at 2.38.01 PM (2).jpeg","public\images\Casas de vida\WhatsApp Image 2026-03-21 at 2.38.01 PM (2).jpeg","195.9","960","1280","1.23","0.75","portrait","30F939037B04E24324FFD8792F32EADD8261AB1F1A90B198A2C8C2DCD3391FF1","21/3/2026 14:38:28"
"Casas de vida","WhatsApp Image 2026-03-21 at 2.38.01 PM (3).jpeg","public\images\Casas de vida\WhatsApp Image 2026-03-21 at 2.38.01 PM (3).jpeg","175.5","960","1280","1.23","0.75","portrait","03D6367E6F118A093B37188E5EAACD304EADCEDDB3828E3366C0FBD3095145D6","21/3/2026 14:38:28"
"Casas de vida","WhatsApp Image 2026-03-21 at 2.38.01 PM (4).jpeg","public\images\Casas de vida\WhatsApp Image 2026-03-21 at 2.38.01 PM (4).jpeg","258.3","1280","960","1.23","1.333","landscape","72DF7F39A7796860D30BC2280342A30A892605500AFBA70D68C6DC2DA8A374C2","21/3/2026 14:38:28"
"Casas de vida","WhatsApp Image 2026-03-21 at 2.38.01 PM (5).jpeg","public\images\Casas de vida\WhatsApp Image 2026-03-21 at 2.38.01 PM (5).jpeg","287.6","960","1280","1.23","0.75","portrait","9CCF2DBC5E474DC2026792794FA16811CDB0D2D2972188448E1905EC3C516FD4","21/3/2026 14:38:28"
"Casas de vida","WhatsApp Image 2026-03-21 at 2.38.01 PM (6).jpeg","public\images\Casas de vida\WhatsApp Image 2026-03-21 at 2.38.01 PM (6).jpeg","164.8","960","1280","1.23","0.75","portrait","1436C1F248CF279B9ACB5DF701EDF8236DDEFFD6EBA17D7AEA08198923B75A9A","21/3/2026 14:38:28"
"Casas de vida","WhatsApp Image 2026-03-21 at 2.38.01 PM (7).jpeg","public\images\Casas de vida\WhatsApp Image 2026-03-21 at 2.38.01 PM (7).jpeg","188.5","960","1280","1.23","0.75","portrait","6B4D035E992F81610B203F7D21BDD9BFD595AB8646407979353CEB99CB75D5E5","21/3/2026 14:38:28"
"Casas de vida","WhatsApp Image 2026-03-21 at 2.38.01 PM.jpeg","public\images\Casas de vida\WhatsApp Image 2026-03-21 at 2.38.01 PM.jpeg","272.6","1280","960","1.23","1.333","landscape","4E41B6FD304E4899D1B08C6F8FBF49FDE2EF97273B518A150682DFD54808B377","21/3/2026 14:38:28"
"Casas de vida","WhatsApp Image 2026-03-21 at 2.38.02 PM (1).jpeg","public\images\Casas de vida\WhatsApp Image 2026-03-21 at 2.38.02 PM (1).jpeg","236.4","1280","960","1.23","1.333","landscape","F3B191C33A5C15CC0B740DB20916529180C13BB82FBC9535C97469055389F48F","21/3/2026 14:38:28"
"Casas de vida","WhatsApp Image 2026-03-21 at 2.38.02 PM (2).jpeg","public\images\Casas de vida\WhatsApp Image 2026-03-21 at 2.38.02 PM (2).jpeg","336.3","960","1280","1.23","0.75","portrait","054E71ECB070E82E8C47BC026AA61EB5E1A4C70EF0A1B20936DFFB0ED1567EF4","21/3/2026 14:38:28"
"Casas de vida","WhatsApp Image 2026-03-21 at 2.38.02 PM (3).jpeg","public\images\Casas de vida\WhatsApp Image 2026-03-21 at 2.38.02 PM (3).jpeg","202","1280","960","1.23","1.333","landscape","B723337D46A6A9ECC279BE09AF0D03EEC6D85450D801DBA3FF4BB8FC6A25990E","21/3/2026 14:38:28"
"Casas de vida","WhatsApp Image 2026-03-21 at 2.38.02 PM (4).jpeg","public\images\Casas de vida\WhatsApp Image 2026-03-21 at 2.38.02 PM (4).jpeg","260.6","1280","960","1.23","1.333","landscape","FAF8C6937C1198E31DE420EBBB88740E7DDCCFCAC41D0B3B9990C9A5EAE298E6","21/3/2026 14:38:28"
"Casas de vida","WhatsApp Image 2026-03-21 at 2.38.02 PM.jpeg","public\images\Casas de vida\WhatsApp Image 2026-03-21 at 2.38.02 PM.jpeg","255.1","960","1280","1.23","0.75","portrait","D35D5E4A18D7DFFABDEA73EB6B59D6D63CA262034F6439B26CA957A7AF4C8D68","21/3/2026 14:38:28"
"Fogatas","WhatsApp Image 2026-03-21 at 2.39.42 PM.jpeg","public\images\Fogatas\WhatsApp Image 2026-03-21 at 2.39.42 PM.jpeg","120.6","1280","720","0.92","1.778","landscape","20C8519622DF622EA342B5C2F11A98FDE80FFDA00EC69E88BA3DDAA3658D1E40","21/3/2026 14:43:16"
"Fogatas","WhatsApp Image 2026-03-21 at 2.39.43 PM (1).jpeg","public\images\Fogatas\WhatsApp Image 2026-03-21 at 2.39.43 PM (1).jpeg","190.3","1280","960","1.23","1.333","landscape","91E57A5CAA30B7A5015CB7C7E8754C15C401E84A2839581371107EA86262BC0D","21/3/2026 14:43:16"
"Fogatas","WhatsApp Image 2026-03-21 at 2.39.43 PM (2).jpeg","public\images\Fogatas\WhatsApp Image 2026-03-21 at 2.39.43 PM (2).jpeg","133.9","960","1280","1.23","0.75","portrait","2FBDA8299C1615750A7A8F6F892D4A5011DA45E1C73E7804734EDC9D8D241039","21/3/2026 14:43:16"
"Fogatas","WhatsApp Image 2026-03-21 at 2.39.43 PM (3).jpeg","public\images\Fogatas\WhatsApp Image 2026-03-21 at 2.39.43 PM (3).jpeg","140.3","960","1280","1.23","0.75","portrait","0987BD40CB3CAC154F8FCD6626031B05D16A17959A217250AD3ABB95404D262B","21/3/2026 14:43:16"
"Fogatas","WhatsApp Image 2026-03-21 at 2.39.43 PM (4).jpeg","public\images\Fogatas\WhatsApp Image 2026-03-21 at 2.39.43 PM (4).jpeg","131.7","960","1280","1.23","0.75","portrait","CF7D4421994A243D910612D20D54B14BDFE40AEC40B47EEA5EBFEC0F0A74157D","21/3/2026 14:43:16"
"Fogatas","WhatsApp Image 2026-03-21 at 2.39.43 PM (5).jpeg","public\images\Fogatas\WhatsApp Image 2026-03-21 at 2.39.43 PM (5).jpeg","112.6","960","1280","1.23","0.75","portrait","35C45F6CE0BC623DEF06A7AC99D01B5C5D2EB859CFB78844455C6E1AAEC406DE","21/3/2026 14:43:16"
"Fogatas","WhatsApp Image 2026-03-21 at 2.39.43 PM.jpeg","public\images\Fogatas\WhatsApp Image 2026-03-21 at 2.39.43 PM.jpeg","77.4","1280","720","0.92","1.778","landscape","4E252D39634A1A0973A408A7FE7E682292B6185FCF5980DA2DE4C4FF56D26648","21/3/2026 14:43:16"
"Fogatas","WhatsApp Image 2026-03-21 at 2.39.44 PM (1).jpeg","public\images\Fogatas\WhatsApp Image 2026-03-21 at 2.39.44 PM (1).jpeg","106.8","960","1280","1.23","0.75","portrait","E39F94E6F95D48AED78BCBAABF9F285428FBBCFD0D04B78A78F4B68FDFEEDDCB","21/3/2026 14:43:16"
"Fogatas","WhatsApp Image 2026-03-21 at 2.39.44 PM (2).jpeg","public\images\Fogatas\WhatsApp Image 2026-03-21 at 2.39.44 PM (2).jpeg","160.2","960","1280","1.23","0.75","portrait","2F3E09845983B2E9A1F3E87C490C1D5FED4B471F79FAF637C4261FDC9732D88B","21/3/2026 14:43:16"
"Fogatas","WhatsApp Image 2026-03-21 at 2.39.44 PM (3).jpeg","public\images\Fogatas\WhatsApp Image 2026-03-21 at 2.39.44 PM (3).jpeg","112.8","960","1280","1.23","0.75","portrait","E624C6BD056FEE20FD08A40DA1696010F8E3ED827CFE5B3875AE0D66D4147AAB","21/3/2026 14:43:16"
"Fogatas","WhatsApp Image 2026-03-21 at 2.39.44 PM.jpeg","public\images\Fogatas\WhatsApp Image 2026-03-21 at 2.39.44 PM.jpeg","137.3","960","1280","1.23","0.75","portrait","48DCB543F1227D9723BD5CB58464A13E341590BBA850B781477D58A58D1A4D9C","21/3/2026 14:43:16"
"Fogatas","WhatsApp Image 2026-03-21 at 2.39.45 PM (1).jpeg","public\images\Fogatas\WhatsApp Image 2026-03-21 at 2.39.45 PM (1).jpeg","176.5","1280","960","1.23","1.333","landscape","2B50D690C51B6B762C656A02255C09C61D23D2631D4D825FCA293452A31BBE3A","21/3/2026 14:43:16"
"Fogatas","WhatsApp Image 2026-03-21 at 2.39.45 PM (2).jpeg","public\images\Fogatas\WhatsApp Image 2026-03-21 at 2.39.45 PM (2).jpeg","113.5","960","1280","1.23","0.75","portrait","C2EB418EEDAB38ED3698A79638BD271BCD0455953D8D7FCFFE3796C772000D94","21/3/2026 14:43:16"
"Fogatas","WhatsApp Image 2026-03-21 at 2.39.45 PM (3).jpeg","public\images\Fogatas\WhatsApp Image 2026-03-21 at 2.39.45 PM (3).jpeg","259","960","1280","1.23","0.75","portrait","522AEFFB206E9550C10ACB8A910E69A75591D739135B4BC59A4E14E8DF65547D","21/3/2026 14:43:16"
"Fogatas","WhatsApp Image 2026-03-21 at 2.39.45 PM.jpeg","public\images\Fogatas\WhatsApp Image 2026-03-21 at 2.39.45 PM.jpeg","162.6","960","1280","1.23","0.75","portrait","1748552366C807969E4EE630D340C1F9EF149CD5B1D38CF155E3543FA1D2FDED","21/3/2026 14:43:16"
"Fogatas","WhatsApp Image 2026-03-21 at 2.39.46 PM (1).jpeg","public\images\Fogatas\WhatsApp Image 2026-03-21 at 2.39.46 PM (1).jpeg","156.6","1280","720","0.92","1.778","landscape","83D083648E009299E71FDB7F09FCBC240B07BDCD5EA510231C5FD055B73EA496","21/3/2026 14:43:16"
"Fogatas","WhatsApp Image 2026-03-21 at 2.39.46 PM (2).jpeg","public\images\Fogatas\WhatsApp Image 2026-03-21 at 2.39.46 PM (2).jpeg","182.2","1280","720","0.92","1.778","landscape","581FC36ACD8C914B49AC990C286167E30A723F9A334622BBD095F9ADBA8DB9C1","21/3/2026 14:43:16"
"Fogatas","WhatsApp Image 2026-03-21 at 2.39.46 PM (3).jpeg","public\images\Fogatas\WhatsApp Image 2026-03-21 at 2.39.46 PM (3).jpeg","180.6","720","1280","0.92","0.562","portrait","3B72476FA00E2ADE1640DBB754A6F9275FC6A5F93B796B3E559E7E7E0D25CC94","21/3/2026 14:43:16"
"Fogatas","WhatsApp Image 2026-03-21 at 2.39.46 PM (4).jpeg","public\images\Fogatas\WhatsApp Image 2026-03-21 at 2.39.46 PM (4).jpeg","187.9","960","1280","1.23","0.75","portrait","CDADF7701F6D0A68EFB349C7EE97A18267ADCA7EFB45631AC017DECCAC3BE4B8","21/3/2026 14:43:16"
"Fogatas","WhatsApp Image 2026-03-21 at 2.39.46 PM (5).jpeg","public\images\Fogatas\WhatsApp Image 2026-03-21 at 2.39.46 PM (5).jpeg","194.6","960","1280","1.23","0.75","portrait","A6508A6C0BB2F67AFE129C8A0B5B7F3462C2312DA548938C1595EFE8E0280DF2","21/3/2026 14:43:16"
"Fogatas","WhatsApp Image 2026-03-21 at 2.39.46 PM.jpeg","public\images\Fogatas\WhatsApp Image 2026-03-21 at 2.39.46 PM.jpeg","183.9","960","1280","1.23","0.75","portrait","A0FDBD1F368BA4BC147FC76E01067ADB71B1B97857119E90E597D52ADB547D6C","21/3/2026 14:43:16"
"Fogatas","WhatsApp Image 2026-03-21 at 2.39.47 PM (1).jpeg","public\images\Fogatas\WhatsApp Image 2026-03-21 at 2.39.47 PM (1).jpeg","192.2","1280","960","1.23","1.333","landscape","2E2ED40A4068E96F60A7FD6B9A9312E69CF9ABC7E5435D9CBD092CFF80F8CC49","21/3/2026 14:43:16"
"Fogatas","WhatsApp Image 2026-03-21 at 2.39.47 PM (2).jpeg","public\images\Fogatas\WhatsApp Image 2026-03-21 at 2.39.47 PM (2).jpeg","159.9","1280","960","1.23","1.333","landscape","2757A7F72CD99154612065A086C770532CD44FC2EFE4E70699D76F3BFDA2C79D","21/3/2026 14:43:16"
"Fogatas","WhatsApp Image 2026-03-21 at 2.39.47 PM (3).jpeg","public\images\Fogatas\WhatsApp Image 2026-03-21 at 2.39.47 PM (3).jpeg","173.3","1280","960","1.23","1.333","landscape","D36392E415AE52A4150B7162C5670B489C184D3498C8F0A3612819BCA6EF4570","21/3/2026 14:43:16"
"Fogatas","WhatsApp Image 2026-03-21 at 2.39.47 PM (4).jpeg","public\images\Fogatas\WhatsApp Image 2026-03-21 at 2.39.47 PM (4).jpeg","172.3","1280","960","1.23","1.333","landscape","0BD55F6B8E1E6D40BB7FC0143D90B30D9259BC43D1F0EE31652EEE8ACFE51A6C","21/3/2026 14:43:16"
"Fogatas","WhatsApp Image 2026-03-21 at 2.39.47 PM (5).jpeg","public\images\Fogatas\WhatsApp Image 2026-03-21 at 2.39.47 PM (5).jpeg","138.7","1280","960","1.23","1.333","landscape","9BCCA7066DC2011633E15734BEA5D2B4CD7BB68111E85F91D42ACA1D038F25A8","21/3/2026 14:43:16"
"Fogatas","WhatsApp Image 2026-03-21 at 2.39.47 PM.jpeg","public\images\Fogatas\WhatsApp Image 2026-03-21 at 2.39.47 PM.jpeg","188.5","1280","960","1.23","1.333","landscape","3B99D91342BB95F54E5E381644F3E23FA0607D29FF69F3D67995E2BA599CE7A8","21/3/2026 14:43:16"
"Fogatas","WhatsApp Image 2026-03-21 at 2.39.48 PM (1).jpeg","public\images\Fogatas\WhatsApp Image 2026-03-21 at 2.39.48 PM (1).jpeg","62.3","960","1280","1.23","0.75","portrait","DF86D9E36FC0059189BB5CB2E475DFDCA06DBF28D4E1531C797760B95C9A387D","21/3/2026 14:43:16"
"Fogatas","WhatsApp Image 2026-03-21 at 2.39.48 PM (2).jpeg","public\images\Fogatas\WhatsApp Image 2026-03-21 at 2.39.48 PM (2).jpeg","80.3","960","1280","1.23","0.75","portrait","017E8D62471812C84F78BC37D27001F24EF78C10E76ABFE62FB6E70D915C5CFA","21/3/2026 14:43:16"
"Fogatas","WhatsApp Image 2026-03-21 at 2.39.48 PM (3).jpeg","public\images\Fogatas\WhatsApp Image 2026-03-21 at 2.39.48 PM (3).jpeg","140.4","1280","960","1.23","1.333","landscape","A64910977166C7E4CDB55FABDA56830EA51CD1A91859421FE502F505F8A82FBA","21/3/2026 14:43:16"
"Fogatas","WhatsApp Image 2026-03-21 at 2.39.48 PM (4).jpeg","public\images\Fogatas\WhatsApp Image 2026-03-21 at 2.39.48 PM (4).jpeg","145.7","1280","960","1.23","1.333","landscape","9822007D0B4CDBE7B935A03A3B0D24554FD549D3BBE1263C45C8B883072DD4A1","21/3/2026 14:43:16"
"Fogatas","WhatsApp Image 2026-03-21 at 2.39.48 PM.jpeg","public\images\Fogatas\WhatsApp Image 2026-03-21 at 2.39.48 PM.jpeg","211.9","1280","960","1.23","1.333","landscape","4BF9B04EEFF91AEC3E2AE643B1E965F4BF19CADA22CB40488B4B136F7EF0A33B","21/3/2026 14:43:16"
"Fogatas","WhatsApp Image 2026-03-21 at 2.39.49 PM.jpeg","public\images\Fogatas\WhatsApp Image 2026-03-21 at 2.39.49 PM.jpeg","145.5","1280","960","1.23","1.333","landscape","61E032CFD4765FD1AE2DFCA771EC8563362A54D3DCF81694787A19E43F875FCE","21/3/2026 14:43:16"
"Fogatas","WhatsApp Image 2026-03-21 at 2.41.29 PM (1).jpeg","public\images\Fogatas\WhatsApp Image 2026-03-21 at 2.41.29 PM (1).jpeg","2209.1","3024","4032","12.19","0.75","portrait","E683B6DE680B3F0030C107F7C1A58D1A4192F518EDC7F4BE5DC2EEF9A2B10C28","21/3/2026 14:43:16"
"Fogatas","WhatsApp Image 2026-03-21 at 2.41.29 PM (2).jpeg","public\images\Fogatas\WhatsApp Image 2026-03-21 at 2.41.29 PM (2).jpeg","2979.2","3024","4032","12.19","0.75","portrait","096BB718DBE09FE772EF1F3FEDAA8E183C5C95EF057D36A3AE32A9B76B9DD537","21/3/2026 14:43:16"
"Fogatas","WhatsApp Image 2026-03-21 at 2.41.29 PM.jpeg","public\images\Fogatas\WhatsApp Image 2026-03-21 at 2.41.29 PM.jpeg","2474.9","4032","3024","12.19","1.333","landscape","7C1F653DA04522A7A7A41D070A109819FE45A6DEE503EF0B4598C32641B50BCC","21/3/2026 14:43:16"
"Fogatas","WhatsApp Image 2026-03-21 at 2.41.30 PM (1).jpeg","public\images\Fogatas\WhatsApp Image 2026-03-21 at 2.41.30 PM (1).jpeg","1602.8","3024","4032","12.19","0.75","portrait","3B7B5B463CB3C4B2645A66F038E7DA906FDD799C8A7E5E261C8D52F4644A4CD2","21/3/2026 14:43:16"
"Fogatas","WhatsApp Image 2026-03-21 at 2.41.30 PM (2).jpeg","public\images\Fogatas\WhatsApp Image 2026-03-21 at 2.41.30 PM (2).jpeg","1626","3024","4032","12.19","0.75","portrait","0D396D1C45ED90F006FB96C48DE42F4E24A4FC92B93184924F4688DD420811E1","21/3/2026 14:43:16"
"Fogatas","WhatsApp Image 2026-03-21 at 2.41.30 PM (3).jpeg","public\images\Fogatas\WhatsApp Image 2026-03-21 at 2.41.30 PM (3).jpeg","1757.8","3024","4032","12.19","0.75","portrait","F69C6E589AEDEC3C56476202C0B811442A0DFB2E20B4AE83B42E4FAC45586ADD","21/3/2026 14:43:16"
"Fogatas","WhatsApp Image 2026-03-21 at 2.41.30 PM (4).jpeg","public\images\Fogatas\WhatsApp Image 2026-03-21 at 2.41.30 PM (4).jpeg","2426.3","3024","4032","12.19","0.75","portrait","0ECD0A77510CF69E9889D37BC7544D51CE124DF8DCD7D451183749D38DD8CFCA","21/3/2026 14:43:16"
"Fogatas","WhatsApp Image 2026-03-21 at 2.41.30 PM (5).jpeg","public\images\Fogatas\WhatsApp Image 2026-03-21 at 2.41.30 PM (5).jpeg","1520.9","4032","3024","12.19","1.333","landscape","130888C406FF04702A5D748C9D32468D6CDF6AD79B009A0621B4094ACF401FBF","21/3/2026 14:43:16"
"Fogatas","WhatsApp Image 2026-03-21 at 2.41.30 PM (6).jpeg","public\images\Fogatas\WhatsApp Image 2026-03-21 at 2.41.30 PM (6).jpeg","1480","3024","4032","12.19","0.75","portrait","88AC7D8B0D72DAF6E1A88709A9A9D919DA16ABF0FB04D3632C94257422B26D56","21/3/2026 14:43:16"
"Fogatas","WhatsApp Image 2026-03-21 at 2.41.30 PM (7).jpeg","public\images\Fogatas\WhatsApp Image 2026-03-21 at 2.41.30 PM (7).jpeg","1330.3","3024","4032","12.19","0.75","portrait","68284E0424C2D41667DAD1A76C49A7FA82F7193E584BA52E0D223055F260A973","21/3/2026 14:43:16"
"Fogatas","WhatsApp Image 2026-03-21 at 2.41.30 PM.jpeg","public\images\Fogatas\WhatsApp Image 2026-03-21 at 2.41.30 PM.jpeg","2027.5","4032","3024","12.19","1.333","landscape","9B43DDA914FA62C97F56A9DDF9581531128FB251E7FEB7977279C93B8BB741E1","21/3/2026 14:43:16"
"Fogatas","WhatsApp Image 2026-03-21 at 2.41.31 PM (1).jpeg","public\images\Fogatas\WhatsApp Image 2026-03-21 at 2.41.31 PM (1).jpeg","1303","4032","3024","12.19","1.333","landscape","27D30C4AFBE15082405F8D6B3BBFE59D44460E60F9BE08B2638B51F25378AF03","21/3/2026 14:43:16"
"Fogatas","WhatsApp Image 2026-03-21 at 2.41.31 PM (2).jpeg","public\images\Fogatas\WhatsApp Image 2026-03-21 at 2.41.31 PM (2).jpeg","1177.8","3024","4032","12.19","0.75","portrait","F9B7EDBB9C8772EDE38453189B833004DC40480105FD976E52E70A0F115472B1","21/3/2026 14:43:16"
"Fogatas","WhatsApp Image 2026-03-21 at 2.41.31 PM (3).jpeg","public\images\Fogatas\WhatsApp Image 2026-03-21 at 2.41.31 PM (3).jpeg","2486.7","4032","3024","12.19","1.333","landscape","CD43AFD6B14F24D94CD462B5C3DBE6576DD3843DFB0193EE781A991D55BD19EA","21/3/2026 14:43:16"
"Fogatas","WhatsApp Image 2026-03-21 at 2.41.31 PM (4).jpeg","public\images\Fogatas\WhatsApp Image 2026-03-21 at 2.41.31 PM (4).jpeg","2375.9","3024","4032","12.19","0.75","portrait","4726F28F590A7F5F7BAFBA55031C42EFAB83CF0009B269F6E353D18C07E97D63","21/3/2026 14:43:16"
"Fogatas","WhatsApp Image 2026-03-21 at 2.41.31 PM (5).jpeg","public\images\Fogatas\WhatsApp Image 2026-03-21 at 2.41.31 PM (5).jpeg","2441.2","3024","4032","12.19","0.75","portrait","6FF810FFB68BE824578269EECF1C5110CF072042D70D3DEFAF0753F36A666849","21/3/2026 14:43:16"
"Fogatas","WhatsApp Image 2026-03-21 at 2.41.31 PM.jpeg","public\images\Fogatas\WhatsApp Image 2026-03-21 at 2.41.31 PM.jpeg","1279.6","4032","3024","12.19","1.333","landscape","B8AE1AC610B7773B8A24F6F21B3871C9BB0209D8CC7B7952A3980623E14A483E","21/3/2026 14:43:16"
"Fogatas","WhatsApp Image 2026-03-21 at 2.41.32 PM (1).jpeg","public\images\Fogatas\WhatsApp Image 2026-03-21 at 2.41.32 PM (1).jpeg","2198.5","4032","3024","12.19","1.333","landscape","59D23CB4A246CA0756D79E4A3A8EDA0AA048156ECE880783706EB28E974FC443","21/3/2026 14:43:16"
"Fogatas","WhatsApp Image 2026-03-21 at 2.41.32 PM (2).jpeg","public\images\Fogatas\WhatsApp Image 2026-03-21 at 2.41.32 PM (2).jpeg","498.6","4032","3024","12.19","1.333","landscape","405539D958866A25931148FDAF632899D56EF9F65781E64D7A5E08AECF604351","21/3/2026 14:43:16"
"Fogatas","WhatsApp Image 2026-03-21 at 2.41.32 PM.jpeg","public\images\Fogatas\WhatsApp Image 2026-03-21 at 2.41.32 PM.jpeg","1222.3","3024","4032","12.19","0.75","portrait","C59416C0D4E3DD52093F8DF79098BC34797FFAD2610BA878E0762E314DF6A86F","21/3/2026 14:43:16"
"Fogatas","WhatsApp Image 2026-03-21 at 2.41.33 PM (1).jpeg","public\images\Fogatas\WhatsApp Image 2026-03-21 at 2.41.33 PM (1).jpeg","1378.1","4032","3024","12.19","1.333","landscape","5B45BD13B56C393F5642CA637DA124E0A117D753D38600A31314560B95BB027F","21/3/2026 14:43:16"
"Fogatas","WhatsApp Image 2026-03-21 at 2.41.33 PM (2).jpeg","public\images\Fogatas\WhatsApp Image 2026-03-21 at 2.41.33 PM (2).jpeg","1263.7","4032","3024","12.19","1.333","landscape","C2AF06843260272448410BBB6E74D267BDEDFB315439A131DA97F17C68335962","21/3/2026 14:43:16"
"Fogatas","WhatsApp Image 2026-03-21 at 2.41.33 PM.jpeg","public\images\Fogatas\WhatsApp Image 2026-03-21 at 2.41.33 PM.jpeg","1167.9","4032","3024","12.19","1.333","landscape","634E06690AC28F8CE4B36ACF4AEFA0A74DFD6BA66F1A942E97EE6C1AAA2F81FA","21/3/2026 14:43:16"
"Fogatas","WhatsApp Image 2026-03-21 at 2.41.34 PM.jpeg","public\images\Fogatas\WhatsApp Image 2026-03-21 at 2.41.34 PM.jpeg","1279.7","3024","4032","12.19","0.75","portrait","1D7AF50A5D1F0B88155517BB26514F62FDD0AA059093F5FAE41D2FAC01FFEE47","21/3/2026 14:43:16"
"hero","iglesia1.jpg","public\images\hero\iglesia1.jpg","257.7","1280","960","1.23","1.333","landscape","E58CAB83974AA05B98453B27F775711CB7F8DB93C48AD205C18DDF8F47345E15","21/3/2026 14:23:54"
"hero","iglesia2.jpg","public\images\hero\iglesia2.jpg","190.6","1280","960","1.23","1.333","landscape","A6C799B98DE4FA12ED8A6363122C35A44779A2210A6C0B8ABEE9B0448811A046","21/3/2026 14:23:54"
"hero","iglesia3.jpg","public\images\hero\iglesia3.jpg","265.5","960","1280","1.23","0.75","portrait","F2A338AB578CCD3FDE30343499E3DB9E97FC7CFF43B77B4AAF6A3663083A1F6E","21/3/2026 14:23:54"
"Templo","WhatsApp Image 2026-03-21 at 2.32.37 PM (1).jpeg","public\images\Templo\WhatsApp Image 2026-03-21 at 2.32.37 PM (1).jpeg","1131.9","2160","3840","8.29","0.562","portrait","FD780FACF5AD7E50C3AACA816C374C1DAF3D39E3D8CFCA23B935F86122980B17","21/3/2026 14:34:18"
"Templo","WhatsApp Image 2026-03-21 at 2.32.37 PM.jpeg","public\images\Templo\WhatsApp Image 2026-03-21 at 2.32.37 PM.jpeg","1206.2","2160","3840","8.29","0.562","portrait","6E896F3C6142158B629B9423957B5A5AFA1B1BBE4A4FF2DE21C6F93E9DDC7FEA","21/3/2026 14:34:18"
"Templo","WhatsApp Image 2026-03-21 at 2.32.38 PM (1).jpeg","public\images\Templo\WhatsApp Image 2026-03-21 at 2.32.38 PM (1).jpeg","730.6","2160","3840","8.29","0.562","portrait","DA3FE6C2737D755ED74D4F338B27F5C609A1EBEE373CE70A33CFC8FE1570EA82","21/3/2026 14:34:18"
"Templo","WhatsApp Image 2026-03-21 at 2.32.38 PM (2).jpeg","public\images\Templo\WhatsApp Image 2026-03-21 at 2.32.38 PM (2).jpeg","1029.8","2160","3840","8.29","0.562","portrait","68DCF124FD7104E004022B52E975078E2206AEA6786A64B1B9617F36A75FCE5A","21/3/2026 14:34:18"
"Templo","WhatsApp Image 2026-03-21 at 2.32.38 PM.jpeg","public\images\Templo\WhatsApp Image 2026-03-21 at 2.32.38 PM.jpeg","1404.9","2160","3840","8.29","0.562","portrait","A4C5A1155453E08472663D90980713576ABB37791E2456619C2E7FC004914074","21/3/2026 14:34:18"
"Templo","WhatsApp Image 2026-03-21 at 2.32.39 PM (1).jpeg","public\images\Templo\WhatsApp Image 2026-03-21 at 2.32.39 PM (1).jpeg","2177.2","3024","4032","12.19","0.75","portrait","DB070807398D0F613469AF34E228E3B554A3C74F9E782FCE11BCF986736412CB","21/3/2026 14:34:18"
"Templo","WhatsApp Image 2026-03-21 at 2.32.39 PM (2).jpeg","public\images\Templo\WhatsApp Image 2026-03-21 at 2.32.39 PM (2).jpeg","1159.8","3840","2160","8.29","1.778","landscape","A3F6446A91C87776F469A1A660FB2D67A813F6883F7ED62D5D7823A6EDE56C5A","21/3/2026 14:34:18"
"Templo","WhatsApp Image 2026-03-21 at 2.32.39 PM (3).jpeg","public\images\Templo\WhatsApp Image 2026-03-21 at 2.32.39 PM (3).jpeg","1094.4","3840","2160","8.29","1.778","landscape","9489CEAB2406E8BAB50447B419EFBF62A3F3FE7C46B651752F49565CACC6A82B","21/3/2026 14:34:18"
"Templo","WhatsApp Image 2026-03-21 at 2.32.39 PM (4).jpeg","public\images\Templo\WhatsApp Image 2026-03-21 at 2.32.39 PM (4).jpeg","1191.6","3840","2160","8.29","1.778","landscape","C53660136BA23802384ACD9B56BE95BD8AE80675F71C7F35E787D41CFAAF8A91","21/3/2026 14:34:18"
"Templo","WhatsApp Image 2026-03-21 at 2.32.39 PM.jpeg","public\images\Templo\WhatsApp Image 2026-03-21 at 2.32.39 PM.jpeg","2455.8","3024","4032","12.19","0.75","portrait","135969E53F3E22ED81616DE1545F4C7B443C90461EEBB3A790E3BCD5FAC71B18","21/3/2026 14:34:18"
"Templo","WhatsApp Image 2026-03-21 at 2.32.40 PM (1).jpeg","public\images\Templo\WhatsApp Image 2026-03-21 at 2.32.40 PM (1).jpeg","1649.7","3024","4032","12.19","0.75","portrait","E69EC4D97A50C92B1C00D48551897E15C0FF89E20923BA0CA01DBB44C0FFDFE0","21/3/2026 14:34:18"
"Templo","WhatsApp Image 2026-03-21 at 2.32.40 PM (2).jpeg","public\images\Templo\WhatsApp Image 2026-03-21 at 2.32.40 PM (2).jpeg","836.8","3840","2160","8.29","1.778","landscape","736B81B3D8CE85624994883A81D59FC0752D990A13B3E1A5039A99963ADB3069","21/3/2026 14:34:18"
"Templo","WhatsApp Image 2026-03-21 at 2.32.40 PM (3).jpeg","public\images\Templo\WhatsApp Image 2026-03-21 at 2.32.40 PM (3).jpeg","1356.6","2160","3840","8.29","0.562","portrait","9EE99400E14886EE1BD4CDAC5A13333FC8D18175FCA2DB8ADA9CE3E0A9342AF1","21/3/2026 14:34:18"
"Templo","WhatsApp Image 2026-03-21 at 2.32.40 PM (4).jpeg","public\images\Templo\WhatsApp Image 2026-03-21 at 2.32.40 PM (4).jpeg","1940.8","3024","4032","12.19","0.75","portrait","3C0C0983EAC17D361BD4D38C78321D43667D79E39A0D81917EA86D033F0F4D84","21/3/2026 14:34:18"
"Templo","WhatsApp Image 2026-03-21 at 2.32.40 PM (5).jpeg","public\images\Templo\WhatsApp Image 2026-03-21 at 2.32.40 PM (5).jpeg","1040","2160","3840","8.29","0.562","portrait","3443EAC2A093955C4F23F6CA9FD1ED4B90762BCA77E0B895DC68840ADF87D8B3","21/3/2026 14:34:18"
"Templo","WhatsApp Image 2026-03-21 at 2.32.40 PM (6).jpeg","public\images\Templo\WhatsApp Image 2026-03-21 at 2.32.40 PM (6).jpeg","971.5","3840","2160","8.29","1.778","landscape","3F254D2739EFDE23D7C97F112344A4D2E9A2F6B92112787D3B015084F1D49C89","21/3/2026 14:34:18"
"Templo","WhatsApp Image 2026-03-21 at 2.32.40 PM.jpeg","public\images\Templo\WhatsApp Image 2026-03-21 at 2.32.40 PM.jpeg","1460.3","3024","4032","12.19","0.75","portrait","DFF7E6C07F629F2977697DB0F3BFCA02164D8A6517C24FD6D860CEC57947C57B","21/3/2026 14:34:18"
"Templo","WhatsApp Image 2026-03-21 at 2.32.41 PM (1).jpeg","public\images\Templo\WhatsApp Image 2026-03-21 at 2.32.41 PM (1).jpeg","1220.8","3840","2160","8.29","1.778","landscape","4BBFE8F8CD713FCB7E47CBB7B716F9340E05C02CA9575B4F4EFB52F8F23DCAD3","21/3/2026 14:34:18"
"Templo","WhatsApp Image 2026-03-21 at 2.32.41 PM.jpeg","public\images\Templo\WhatsApp Image 2026-03-21 at 2.32.41 PM.jpeg","1215.5","2160","3840","8.29","0.562","portrait","6C455E54533C664A6815D2E42D71494C35E87A5FC5C74826F47C182B1DC1287C","21/3/2026 14:34:18"
